sat_x_m,sat_y_m,sat_z_m,pseudorange_m,sat_id
15600000.0,7540000.0,20140000.0,24549134.19809002,G01
18760000.0,2750000.0,18610000.0,23843762.09829156,G02
17610000.0,14630000.0,13480000.0,26747486.200172454,G03
19170000.0,610000.0,18390000.0,23488441.270584993,G04
17800000.0,-14630000.0,13480000.0,21799342.23837925,G05
17600000.0,7540000.0,20400000.0,25945589.438029364,G06
